--
-- Table `users_usr`
-- Username: Admin  Password: admin
-- Username: User   Password: user
--
TRUNCATE TABLE `users_usr`;
INSERT INTO `users_usr` (`id_lng_usr`, `login_name_usr`, `password_usr`, `password_salt_usr`, `email_usr`, `gravatar_usr`, `first_name_usr`, `surname_usr`, `gender_usr`, `last_login_usr`, `created_usr`, `modified_usr`, `id_meta`) VALUES
(12, 'Admin', 'e69d45f250a349b83025bbcec46ac873', 'Aic5I46H9FV3x7lyQ0NAnlICli0AZjSgu97p0nyCb2TtthbUb8p6wB6IeCuCw0EOVxVxbuiUvCK6heJNed9PyzmmQ2hbBesSz9lR4OKA8j3hOztdZWL5sALd3GMNJfOu', 'admin@massidea.com', 0, NULL, NULL, NULL, '2012-11-13 16:42:48', '2012-11-13 16:42:48', '2012-11-13 16:42:48', '1'),
(12, 'User', '062b2817fe26ec1cf9de584425690750', 'SqHj88xrkqN4LCRMYuRASBGTdlDkCrAxkBRZMxuZcttOeEE22fIxqRt7iFP0hKeZPNyIwdE9tolaL8PatJVcdYve9by8ZfV4SStuuCwbWc1eOux17p69mYJ2yqu9oskR', 'user@massidea.com', 0, NULL, NULL, NULL, '2012-11-13 16:44:49', '2012-11-13 16:44:49', '2012-11-13 16:44:49', '1'),
(12, 'tcurth', '062b2817fe26ec1cf9de584425690750', 'SqHj88xrkqN4LCRMYuRASBGTdlDkCrAxkBRZMxuZcttOeEE22fIxqRt7iFP0hKeZPNyIwdE9tolaL8PatJVcdYve9by8ZfV4SStuuCwbWc1eOux17p69mYJ2yqu9oskR', 'user@massidea.com', 0, NULL, NULL, NULL, '2012-11-13 16:44:49', '2012-11-13 16:44:49', '2012-11-13 16:44:49', '8'),
(12, 'ljedinger', '062b2817fe26ec1cf9de584425690750', 'SqHj88xrkqN4LCRMYuRASBGTdlDkCrAxkBRZMxuZcttOeEE22fIxqRt7iFP0hKeZPNyIwdE9tolaL8PatJVcdYve9by8ZfV4SStuuCwbWc1eOux17p69mYJ2yqu9oskR', 'user@massidea.com', 0, NULL, NULL, NULL, '2012-11-13 16:44:49', '2012-11-13 16:44:49', '2012-11-13 16:44:49', '6'),
(12, 'mchalupar', '062b2817fe26ec1cf9de584425690750', 'SqHj88xrkqN4LCRMYuRASBGTdlDkCrAxkBRZMxuZcttOeEE22fIxqRt7iFP0hKeZPNyIwdE9tolaL8PatJVcdYve9by8ZfV4SStuuCwbWc1eOux17p69mYJ2yqu9oskR', 'user@massidea.com', 0, NULL, NULL, NULL, '2012-11-13 16:44:49', '2012-11-13 16:44:49', '2012-11-13 16:44:49', '4'),
(12, 'fpaar', '062b2817fe26ec1cf9de584425690750', 'SqHj88xrkqN4LCRMYuRASBGTdlDkCrAxkBRZMxuZcttOeEE22fIxqRt7iFP0hKeZPNyIwdE9tolaL8PatJVcdYve9by8ZfV4SStuuCwbWc1eOux17p69mYJ2yqu9oskR', 'user@massidea.com', 0, NULL, NULL, NULL, '2012-11-13 16:44:49', '2012-11-13 16:44:49', '2012-11-13 16:44:49', '2'),
(12, 'jauer', '062b2817fe26ec1cf9de584425690750', 'SqHj88xrkqN4LCRMYuRASBGTdlDkCrAxkBRZMxuZcttOeEE22fIxqRt7iFP0hKeZPNyIwdE9tolaL8PatJVcdYve9by8ZfV4SStuuCwbWc1eOux17p69mYJ2yqu9oskR', 'user@massidea.com', 0, NULL, NULL, NULL, '2012-11-13 16:44:49', '2012-11-13 16:44:49', '2012-11-13 16:44:49', '3'),
(12, 'mlang', '062b2817fe26ec1cf9de584425690750', 'SqHj88xrkqN4LCRMYuRASBGTdlDkCrAxkBRZMxuZcttOeEE22fIxqRt7iFP0hKeZPNyIwdE9tolaL8PatJVcdYve9by8ZfV4SStuuCwbWc1eOux17p69mYJ2yqu9oskR', 'user@massidea.com', 0, NULL, NULL, NULL, '2012-11-13 16:44:49', '2012-11-13 16:44:49', '2012-11-13 16:44:49', '4'),
(12, 'mhanner', '062b2817fe26ec1cf9de584425690750', 'SqHj88xrkqN4LCRMYuRASBGTdlDkCrAxkBRZMxuZcttOeEE22fIxqRt7iFP0hKeZPNyIwdE9tolaL8PatJVcdYve9by8ZfV4SStuuCwbWc1eOux17p69mYJ2yqu9oskR', 'user@massidea.com', 0, NULL, NULL, NULL, '2012-11-13 16:44:49', '2012-11-13 16:44:49', '2012-11-13 16:44:49', '5'),
(12, 'willi88', '062b2817fe26ec1cf9de584425690750', 'SqHj88xrkqN4LCRMYuRASBGTdlDkCrAxkBRZMxuZcttOeEE22fIxqRt7iFP0hKeZPNyIwdE9tolaL8PatJVcdYve9by8ZfV4SStuuCwbWc1eOux17p69mYJ2yqu9oskR', 'user@massidea.com', 0, NULL, NULL, NULL, '2012-11-13 16:44:49', '2012-11-13 16:44:49', '2012-11-13 16:44:49', '6'),
(12, 'josef.altmann', '062b2817fe26ec1cf9de584425690750', 'SqHj88xrkqN4LCRMYuRASBGTdlDkCrAxkBRZMxuZcttOeEE22fIxqRt7iFP0hKeZPNyIwdE9tolaL8PatJVcdYve9by8ZfV4SStuuCwbWc1eOux17p69mYJ2yqu9oskR', 'user@massidea.com', 0, NULL, NULL, NULL, '2012-11-13 16:44:49', '2012-11-13 16:44:49', '2012-11-13 16:44:49', '7');


--
-- Table `contents_cnt`
-- Adds 1 Challenge, 1 Vision, 1 Idea
--
TRUNCATE TABLE `contents_cnt`;
INSERT INTO `contents_cnt` (`id_cty_cnt`, `title_cnt`, `lead_cnt`, `language_cnt`, `body_cnt`, `research_question_cnt`, `opportunity_cnt`, `threat_cnt`, `solution_cnt`, `references_cnt`, `views_cnt`, `published_cnt`, `created_cnt`, `modified_cnt`) VALUES
(1, 'Test - Vision', 'This is the lead chapter of a test vision', '23', 'This is the body of the test vision', NULL, NULL, NULL, NULL, NULL, 0, 1, '2012-11-13 15:31:41', '2012-11-13 15:31:45'),
(3, 'Test - Challenge', 'Lead text of this challenge', '23', 'body text of this challenge', NULL, NULL, NULL, NULL, NULL, 0, 1, '2012-11-13 15:49:48', '2012-11-13 15:49:51'),
(2, 'Test - Idea', 'This is the lead charpter of this test idea .....', '23', 'This is another test for this idea', NULL, NULL, NULL, NULL, NULL, 0, 1, '2012-11-13 15:50:26', '2012-11-13 15:50:29');


--
-- Table `usr_groups_grp`
-- Creates two groups:
-- 'FH-Hagenberg Group' -> closed Group
-- 'Test Open Group'    -> open Group
--
TRUNCATE TABLE `usr_groups_grp`;
INSERT INTO `usr_groups_grp` (`id_sth_grp`, `group_name_grp`, `description_grp`, `body_grp`, `has_blog_grp`, `image_grp`, `created_grp`, `modified_grp`, `id_type_grp`) VALUES
(0, 'FH-Hagenberg Group', 'Hagenberg Group', 'Development group from Fh-Hagenberg', 0, NULL, '2012-11-13 16:08:15', '2012-11-13 16:08:18', 2),
(0, 'Test Open Group', 'This is an open Group', 'Body text of the open test group', 0, NULL, '2012-11-13 16:10:16', '2012-11-13 16:10:18', 1),
(0, 'Laurea University', 'Partner-Uni in Finland', 'stays in Vantaa, 20 min away from Helsinki (by train)', 0, NULL, '2012-11-13 16:12:16', '2012-11-13 16:12:18', 1);


--
-- Table `campaigns_cmp`
-- Creates a test project
--
TRUNCATE TABLE `campaigns_cmp`;
INSERT INTO `campaigns_cmp` (`id_grp_cmp`, `id_cty_cmp`, `name_cmp`, `ingress_cmp`, `description_cmp`, `image_cmp`, `start_time_cmp`, `end_time_cmp`, `created_cmp`, `modified_cmp`) VALUES
(1, 0, 'Test Project', 'this is a project for testing', 'test description', NULL, '2012-11-13', '2015-11-13', '2012-11-13 16:25:16', '2012-11-13 16:25:23');


--
-- Table `cmp_has_cnt`
-- adds content with id '2' to project with id '1'
--
TRUNCATE TABLE `cmp_has_cnt`;
INSERT INTO `cmp_has_cnt` (`id_cmp`, `id_cnt`) VALUES
(1, 2);


--
-- Table `cnt_has_grp`
-- adds content (id 2) to group (id 1)
--
TRUNCATE TABLE `cnt_has_grp`;
INSERT INTO `cnt_has_grp` (`id_cnt`, `id_grp`, `owner_cnt_grp`) VALUES
(2, 1, 1);


--
-- Table 'comments_cmt'
-- adds a comment to content with id (2)
--
TRUNCATE TABLE `comments_cmt`;
INSERT INTO `massidea`.`comments_cmt` (`id_target_cmt`, `id_usr_cmt`, `id_parent_cmt`, `title_cmt`, `body_cmt`, `created_cmt`, `modified_cmt`, `type_cmt`) VALUES
('2', '1', '0', 'Test Comment', 'This is a test comment', '2012-11-13 16:36:29', '2012-11-13 16:36:32', '2');


--
-- Table `grp_has_admin_usr`
-- user 'Admin' (id 1) is set as group admin for groups 'FH-Hagenberg Group' and 'Test Open Group'
--
TRUNCATE TABLE `grp_has_admin_usr`;
INSERT INTO `grp_has_admin_usr` (`id_usr`, `id_grp`) VALUES
(1, 1),
(1, 2);


--
-- Table `usr_has_grp`
-- adds user 'User' to group 'Test Open Group'
--
TRUNCATE TABLE `usr_has_grp`;
INSERT INTO `usr_has_grp` (`id_usr`, `id_grp`) VALUES
(1, 1),
(1, 2),
(2, 1),
(2, 3);


--
-- Table `usr_profiles_usp`
-- adds profile data for the users 'Admin' and 'User'
--
TRUNCATE TABLE `usr_profiles_usp`;
INSERT INTO `usr_profiles_usp` (`id_usr_usp`, `profile_key_usp`, `profile_value_usp`, `public_usp`, `created_usp`, `modified_usp`) VALUES
(1, 'employment', 'student', 0, NULL, '2012-11-13 16:42:48'),
(1, 'city', 'Hagenberg', 1, NULL, '2012-11-13 16:42:48'),
(2, 'employment', 'student', 0, NULL, '2012-11-13 16:44:49'),
(2, 'city', 'Hagenberg', 1, NULL, '2012-11-13 16:44:49');


--
-- Table `categories_ctg`
--
TRUNCATE TABLE `categories_ctg`;
INSERT INTO `categories_ctg`(`title_ctg`) VALUES ("IT");
INSERT INTO `categories_ctg`(`title_ctg`) VALUES ("Natural sciences");
INSERT INTO `categories_ctg`(`title_ctg`) VALUES ("Astronomy");
INSERT INTO `categories_ctg`(`title_ctg`) VALUES ("Business");
INSERT INTO `categories_ctg`(`title_ctg`) VALUES ("Medicine");
INSERT INTO `categories_ctg`(`title_ctg`) VALUES ("Mechanics");
INSERT INTO `categories_ctg`(`title_ctg`) VALUES ("Agriculture");
INSERT INTO `categories_ctg`(`title_ctg`) VALUES ("Environment");
INSERT INTO `categories_ctg`(`title_ctg`) VALUES ("Art");
INSERT INTO `categories_ctg`(`title_ctg`) VALUES ("Others");


--
-- Table `contents_cnt`
--
TRUNCATE TABLE `contents_cnt`;
INSERT INTO `contents_cnt` ( `id_cty_cnt`, `title_cnt`, `lead_cnt`, `language_cnt`, `body_cnt`, `views_cnt`, `published_cnt`, `created_cnt`, `modified_cnt`, `id_ctg`, `id_meta` ) VALUES ( '1', 'Employees want to be proud of the organization', 'Tampere University Hospital Strategy has a promise of good service experience. Strategy communications can be considered a success if every employee is successfully implementing the strategy in their work. Employees want to be proud of their organization.', '23', 'Tampere University Hospital Strategy has a promise of good service experience. The promise includes that the patient gets the right treatment at the right time and that it will be a good experience for the patient and their loved ones. But how can the chief has an effect on carrying out the strategy in her ward? The middle management has an important role in strategic communications. They are linked to senior management and employees. Their task is to transform strategy into an understandable form for the staff and pick up the essential part of her departments employees and their activities. Strategy can be communicated in many different ways and it needs to be reflected in the daily work. The strategy communication means both the systematic communication of the management and corridor discussion of the staff. Communication is not just words but also in deeds and guidance.', '23', '1', '09.02.2013 00:00', '09.02.2013 00:00', '3', '1' );
INSERT INTO `contents_cnt` ( `id_cty_cnt`, `title_cnt`, `lead_cnt`, `language_cnt`, `body_cnt`, `views_cnt`, `published_cnt`, `created_cnt`, `modified_cnt`, `id_ctg`, `id_meta` ) VALUES ( '1', ' Education for all all over the world.', 'Education is the backbone of a nation. No nation can see prosperity without education. There are hundreds of thousands of educational institute across the globe yet millions of people are left uneducated despite enormous efforts. In this vision I envision of a 100% literate world.', '23', 'The only country that has 100% literacy rate is Georgia. Even though most countries have literacy rate more than 50 percent of the population there are some countries whose literacy rate falls bellow 30 percent. Education is important and that is why almost all governments around the world have some educational projects such as free education till the primary school and some even have made education as human right in the constitution.', '93', '1', '20.10.2007 00:00', '20.10.2007 00:00', '6', '2' );
INSERT INTO `contents_cnt` ( `id_cty_cnt`, `title_cnt`, `lead_cnt`, `language_cnt`, `body_cnt`, `views_cnt`, `published_cnt`, `created_cnt`, `modified_cnt`, `id_ctg`, `id_meta` ) VALUES ( '2', 'The changing climate enhancing rail transportation positions and requires a huge rail infrastructure changes', 'Railways are most environmentally friendly transportation mode. So more goods must be transported by railways for decreasing rising greenhouse effect.', '23', 'The EUs transport strategy aims to decrease more and more increasing greenhouse effect. Because of this more goods are transported by rail transport because it is more safety for nature than road transport. ', '47', '1', '11.01.2006 00:00', '11.01.2006 00:00', '2', '3' );
INSERT INTO `contents_cnt` ( `id_cty_cnt`, `title_cnt`, `lead_cnt`, `language_cnt`, `body_cnt`, `views_cnt`, `published_cnt`, `created_cnt`, `modified_cnt`, `id_ctg`, `id_meta` ) VALUES ( '3', 'How to solve issues of heart deseases concerning Global warming', 'How to prevent or treat hear deseases have you ever thought about it? What is the future of heart deseases? What approaches will be used to resolve this kind of issues.', '23', '1. However there are still some other possible solutions such as OTEC technology (also known as Anderson cycle) which is better described in wikipedia link below in references. OTEC technology could be one of the energy sources moreover could produce pure clean water.', '42', '1', '01.05.2002 00:00', '01.05.2002 00:00', '6', '4' );
INSERT INTO `contents_cnt` ( `id_cty_cnt`, `title_cnt`, `lead_cnt`, `language_cnt`, `body_cnt`, `views_cnt`, `published_cnt`, `created_cnt`, `modified_cnt`, `id_ctg`, `id_meta` ) VALUES ( '3', 'Understandings about the past of Science and Technology future', 'No one can deny that a huge amount of advantages in modern Science and Technology today. In the past people can only dream about having a convenient and facility lives. At that time we were in big trouble with a lot of challenges in Science and Technology.', '23', 'No one can deny that a huge amount of advantages in modern Science and Technology today. In the past people can only dream about having a convenient and facility lives. At that time we were in big trouble with a lot of challenges in Science and Technology.', '75', '1', '29.08.2006 00:00', '29.08.2006 00:00', '2', '5' );
INSERT INTO `contents_cnt` ( `id_cty_cnt`, `title_cnt`, `lead_cnt`, `language_cnt`, `body_cnt`, `views_cnt`, `published_cnt`, `created_cnt`, `modified_cnt`, `id_ctg`, `id_meta` ) VALUES ( '2', 'People want to get all the profit for their ideas and thats why they dont want to co-operate with others', 'People want to have the maximum of profit from their innovation. Then they do not want to share their ideas or entrust to an organization. Therefore they can not develop these radical innovations for themselves. So the solution would be to find a way to protect and allow maximum benefit to these creators.', '23', 'Inventors can be also ordinary people who come up with new idea and realize that it havent been invented before. These people of course assume that it is always worth of money but forget that these ideas need to be developed before they start to make profit. On the other hand protecting the idea is another great issue. These operations also needs money to execute which ordinary citizen may not have.', '3', '1', '23.11.2003 00:00', '23.11.2003 00:00', '9', '6' );
INSERT INTO `contents_cnt` ( `id_cty_cnt`, `title_cnt`, `lead_cnt`, `language_cnt`, `body_cnt`, `views_cnt`, `published_cnt`, `created_cnt`, `modified_cnt`, `id_ctg`, `id_meta` ) VALUES ( '2', 'The Effect of Marine Fuel Sulfur Content Regulation on the Finnish Shipping Industry', 'A study on how the EU Directive on Low Sulfur Fuel and IMO Emission regulation 14 affect the Finnish shipping industry and its competitiveness in the future.', '23', 'Shipping companies must choose between using alternative sources of fuel and making huge investments to sulfur scrubbing equipment. Scrubbers can be installed only on ships within certain size and age criterion and so may cause an increase in scrapping of Finnish ships thus decreasing total capacity. This may increase Finnish shipbuilding however due to the strong traditions of Finnish dry-docking and a strong technology sector. In the future there may be a large market for Finnish built ships with built-in scrubber technology and an alternative source of fuel such as MGO (Marine Gas Oil). ', '87', '1', '27.02.2006 00:00', '27.02.2006 00:00', '7', '7' );
INSERT INTO `contents_cnt` ( `id_cty_cnt`, `title_cnt`, `lead_cnt`, `language_cnt`, `body_cnt`, `views_cnt`, `published_cnt`, `created_cnt`, `modified_cnt`, `id_ctg`, `id_meta` ) VALUES ( '2', 'Noise pollution generated by road freight transport in settlement area', 'As a result of climatic changes are expected to the development of road freight transport which increased noise adversely affecting the health of residents in long-term and short-term consequences.', '23', 'The climate change is bringing some changes of transport links throughout the World. Scientific studies confirm that due to the temperature rise and melting glaciers weakens the strength of the Gulf Stream. There is a slight but sustained cooling of the climate on the continent. In consequence in the future will freeze certain ports in Europe which is now still available. This issue touches and follow road freight transport which will have to take greater demands on the transportation of goods. The crucial question will be how to deal with the road infrastructure which will be faced with new challenges. Consequently it will be important how we manage to eliminate the negative impacts such as increased noise that road freight transport entails.', '2', '1', '26.05.2000 00:00', '26.05.2000 00:00', '9', '9' );
INSERT INTO `contents_cnt` ( `id_cty_cnt`, `title_cnt`, `lead_cnt`, `language_cnt`, `body_cnt`, `views_cnt`, `published_cnt`, `created_cnt`, `modified_cnt`, `id_ctg`, `id_meta` ) VALUES ( '3', 'Solutions for the illegal immigrant crime problems', 'There cannot be a perfect solution for such problem as it is impossible to destroy crime in human genes.', '23', 'One of the solutions would be stricter border controls checking the applicants for visa and enterers though database. It will clean the statistics of newcomers but it will take more time to get visa and thus there will be less tourists and less foreign direct investors. Moreover some of the newcomers start being involved into crime only after coming into Finland.', '41', '1', '03.02.2000 00:00', '03.02.2000 00:00', '8', '10' );

--
-- Table `jobs_job`
--
TRUNCATE TABLE `jobs_job`;
INSERT INTO `jobs_job` (`id_job`, `description_job`) VALUES
(1, 'Language Teacher'),
(2, 'Private Sector'),
(3, 'Public Sector'),
(4, 'Education Sector'),
(5, 'Language Teacher'),
(6, 'Cross-cultural Teacher'),
(7, 'Student'),
(8, 'Pentioner'),
(9, 'Other');


--
-- Table `attributes_atr`
--
TRUNCATE TABLE `attributes_atr`;
INSERT INTO `attributes_atr` (`id_atr`, `name_atr`) VALUES
(1, 'Language teachers'),
(2, 'English'),
(3, 'German'),
(4, 'French'),
(5, 'Spanish'),
(6, 'Reading'),
(7, 'Writing'),
(8, 'English in Use'),
(9, 'Listening'),
(10, 'Speaking'),
(11, 'Miscellaneous'),
(12, 'Cross-cultural teachers'),
(13, 'Interest in Europe'),
(14, 'Interest in Asia'),
(15, 'Interest in Africa'),
(16, 'Interest in America'),
(17, 'Interest in Australia'),
(18, 'Interest in Mutual Feedback'),
(19, 'Common Tasks'),
(20, 'Cross-Cultural Comparison'),
(21, 'Joint Papers'),
(22, 'Conflict Management'),
(23, 'Online Communication'),
(24, 'University'),
(25, 'University of Applied Sciences'),
(26, 'School of Information & Communication Technology'),
(27, 'School of Natural Sciences'),
(28, 'School of Social Sciences'),
(29, 'School of Health Sciences'),
(30, 'School of Environmental Sciences'),
(31, 'School of Humanities'),
(32, 'School of Engineering'),
(33, 'School of Law and Finance'),
(34, 'School of Management ');

--
-- Table `meta`
--
TRUNCATE TABLE `meta`;
INSERT INTO `meta`(`id_meta`, `id_job`, `id_ctg`, `location`, `id_offer`, `id_needs`) VALUES ( '1', '9', '9', 'Hagenberg', '1', '1');
INSERT INTO `meta`(`id_meta`, `id_job`, `id_ctg`, `location`, `id_offer`, `id_needs`) VALUES ( '2', '2', '2', 'Linz', '1', '1');
INSERT INTO `meta`(`id_meta`, `id_job`, `id_ctg`, `location`, `id_offer`, `id_needs`) VALUES ( '3', '1', '1', 'Dornach', '1', '1');
INSERT INTO `meta`(`id_meta`, `id_job`, `id_ctg`, `location`, `id_offer`, `id_needs`) VALUES ( '4', '7', '7', 'Helsinki', '1', '1');
INSERT INTO `meta`(`id_meta`, `id_job`, `id_ctg`, `location`, `id_offer`, `id_needs`) VALUES ( '5', '5', '5', 'Vantaa', '1', '1');
INSERT INTO `meta`(`id_meta`, `id_job`, `id_ctg`, `location`, `id_offer`, `id_needs`) VALUES ( '6', '8', '8', 'Laurea', '1', '1');
INSERT INTO `meta`(`id_meta`, `id_job`, `id_ctg`, `location`, `id_offer`, `id_needs`) VALUES ( '7', '6', '6', 'Paris', '1', '1');
INSERT INTO `meta`(`id_meta`, `id_job`, `id_ctg`, `location`, `id_offer`, `id_needs`) VALUES ( '8', '4', '4', 'Vienna', '1', '1');
INSERT INTO `meta`(`id_meta`, `id_job`, `id_ctg`, `location`, `id_offer`, `id_needs`) VALUES ( '9', '3', '3', 'Kopenhagen', '1', '1');

